word,frequency
 This,1
all,13
pre-book,1
Winter,2
Event” Click,1
saves,1
   ,1
Gotham,1
tours,1
mp3,1
go,1
follow,1
psycho,1
saved,1
yonder,1
SIM,2
forget,1
Plus,1
Foundation,1
hold,1
patienceThe,3
Siena's,1
spin,1
worth,1
send,3
spirit,2
languages,1
to,140
charge,1
program,4
favourite,1
helps,1
   Major,1
under,1
Not,1
Facebook,1
Westchester,1
Now,1
NY,1
infoSusana,1
collaborate,2
prepaid,2
without,1
far,1
cinnamon,1
35,1
keeping,1
EventsSharing,1
Don’t,1
on-task,1
Fraternity,1
join,1
I'm,1
multiple,3
eidetic,1
minute,1
Marymount,1
tickets,2
Ambassador,3
school,3
passUnless,1
Just,1
level,1
did,1
forth,1
compartmentalize,1
list,1
accidentally,1
leave,4
assignments,1
calendar,11
team,1
evangelize,1
guy,3
saidAll,1
Interdenominational,1
enjoy,2
traveling Zumba,1
pretend,1
says,1
coordinate,2
trySamantha Chiang,1
tea,1
odt,1
sync,1
lifeDJ,1
budget,1
State,1
Camera,1
traveling,1
Rich,1
lots,1
further,1
repetition,1
click,3
blue,1
will,15
what,10
hide,2
appear,1
Association,1
Hallelujah7,1
agenda,1
EventsThis,1
access,4
public,1
waiting,1
progess,1
slideshows,2
attire,1
new,2
tips,2
order,1
Totally,1
Former,1
filled,4
Ask,1
crunch,1
iPadThe,1
focuses,1
unsure,1
even,1
scented,1
hours,3
Contact,1
let,2
hostel,1
others,1
You’ll,1
affiliated,1
100,1
aren't,1
My,1
teacher,1
Accessible,1
boy,1
search,2
experienceDon’t,1
ahead,3
technical,3
involved,5
Tuesday,3
allows,5
experience,1
PowerPoint,1
NSLC,1
products,2
launched,1
froyo,1
social,1
opinion,1
residents,2
makes,1
options,2
Girl,1
via,2
love,6
addresses,1
figure,2
City,2
suddenly,1
win,1
app,1
manage,2
crazy,1
highly,1
semester,6
you’re,7
opportunities,3
issue,3
Italy,1
txt,1
establish,1
roaming,1
Europe,1
use,7
wifiAnd,1
from,11
Creating,1
would,5
&,1
“See,2
whipping,1
destination,1
visit,1
two,3
Microsoft,2
@susana0hriaDo,1
Multiple,1
music,1
othersGroup,1
save,2
plan HC,1
bliss,1
type,1
tell,1
minor,2
more,7
main,3
clever,1
arriveInternational,1
about…,1
started,1
halloween,1
company,2
Humble,1
Here’s,1
aware,3
Choir,1
phone,3
teaser,2
So,1
Editorial,1
particular,2
computerIf,1
given,1
spreadsheets,2
me,12
organizations,4
account,1
word,1
room,1
Drive8,1
Every,1
this,11
science,1
work,4
foods,1
cat,1
left,1
can,26
viewStill,1
learn,3
already,1
meet,1
wordsDJ,1
events”,1
my,18
example,2
Inc,1
control,1
heart,1
Different,1
perfecting,1
foodie,1
ASUCD,1
CampusIf,1
give,5
indie,1
Media,1
sense,1
didn't,1
Swift's,1
heard,1
beautiful,1
way,9
taking,1
want,6
Digital,1
every,2
keep,2
Without,1
/,1
information,1
organizes,1
end,3
Commuter,1
Format,2
discussion,1
bonds,1
feature,5
write,7
how,3
amazing,1
option,1
subsidiaries,1
beach,1
begs,1
tips  Picture,1
Tufts,1
Mariah,2
brutal,1
stalkerSo,1
crashes,1
aspiring,1
may,5
watch,1
advice,2
after,1
blocks,1
different,1
masks,1
Communications,1
less,1
informs,1
fashioned,1
what’s,1
Alloy,1
such,1
pdf,1
 With,1
grow,1
Lifestyles,1
a,86
All,2
Apple,1
hotels/hostels/etc,1
ISU’s,1
maybe,1
lands,1
Magazine,1
  Congratulations,1
One,1
Unlock,1
so,10
UC,1
allow,2
enter,1
Apply,7
abroad,1
athletes,1
playing,1
Film,1
travel,1
What,3
Who,1
anywhereIf,1
help,6
office,2
don't,1
over,5
High-spirited HC,1
Illinois,1
partnered,1
held,1
futureDJ,1
including,1
costume,5
X,1
Saturday,1
cold,1
still,1
trouble,1
Psychology,1
perfect,1
though4,1
revived,1
sleeps,1
group,1
22,1
maps,1
fix,3
Here,3
actually,1
late,2
cheapest,3
RA,1
2015,1
weeks,1
holiday,1
might,1
easier,1
haven't,1
then,6
docx,1
Halloweekend,1
return,1
devices6,1
Rogers,1
Kala,1
AmbassadorDJ,2
@jessnort,1
Youth,1
mention,1
you've,1
they,3
ambition,1
not,8
yourself,2
day,4
nor,1
several,1
Saving,1
assignments1,1
sophomore,1
edit,1
always,1
countries,1
sponsered,1
accordingly4,1
divides,1
capability,1
--,1
flightUse,1
weather,1
editor,1
arrow,1
each,2
$50,1
found,1
quarter,2
Check,1
isn't,1
Weekly,1
individually,1
Arts,2
everyone,2
guests,1
mental,1
initiative,1
choosingBy,1
details”4,1
hard,4
It’s,2
Barack,1
“Google,1
ball,1
Docs,2
 Her,1
OpenDocument,1
our,2
girl,1
collector,1
slew,1
special,1
out,15
Picture,1
shown,1
attend,1
display,1
culture,1
dialects,1
since,2
is5,1
looking,1
easilyDocuments,1
branch,1
health,1
classiest,1
internet,2
dinner,1
got,2
newly,1
Germany,1
sluggish,1
creating,1
working,4
Word,2
resume,2
This,5
rail,2
McKenzie,1
friends,1
According,1
free,5
Event”,1
you’ll,1
Repeat,1
complicated,1
giveaway,1
members,1
x,1
ask,1
teach,2
Sigma,1
card,2
care,1
her,5
you’ve,2
led,1
could,1
area,2
times,1
allowed them,1
“Share,1
place,2
Human,1
invitation,1
can’t,2
approaching,1
jumbled,1
first,2
exotic,1
major,3
organize,1
features,1
Let’s,1
There,2
number,1
ISU,8
one,10
Maps,1
pop,1
checking,1
done,1
deadlines,1
another,1
corporations,1
ditch,1
Ever,1
you're,5
little,3
basketball,1
service,1
needed,1
together,2
top,4
night,2
Outreach,2
least,2
electronic,2
their,7
wonderful,1
rates,2
Personally,1
Jackson’s,1
typing,1
SEO,1
She,1
clicking,3
final,2
friend,2
gives,3
German,1
cuddling,1
Scholar,1
that,27
season,1
completed,1
exactly,1
slides,1
tracking,1
too,1
CampusThe,1
online,1
PDF,1
Side,1
convinced,2
than,2
updating,1
roommates,1
11,1
10,1
grocery,1
guests’,1
Often,1
Creator,1
double,1
instructor,1
zero,1
project,1
don’t,2
future,3
details”,1
loves,1
were,2
Elementary,1
CampusDisclaimer,1
they’ve,1
Maloney,1
declare,1
Drive/Google,1
and,92
motivation,1
fashion,1
better,1
lawyer,1
Chicago,3
tabs,1
colors,1
“swag”,2
eats,1
talking,1
say,2
buy,4
manner,1
have,24
need,4
Instead,1
seem,2
seek,1
any,7
marathon,1
invite,1
Do,1
Phi,1
documents,5
date,1
Skyscanner,1
dancing,2
check,3
Batman,1
latter,1
After,1
able,6
aside,1
purchasing,1
also,11
recommended,1
How’s,1
square,1
build,1
which,6
educator,1
nightRSVP,1
wanting,1
=,1
Hall,1
tourist,1
Writing,1
urge,1
to-do,1
sure,3
unless,1
Quinn,1
customize,1
price,1
who,6
Journalism,2
iPhone,1
fees3,1
most,5
hired,2
sponsored,1
plan,5
plenty,1
position,4
services,1
The,6
CalendarsSharing,1
class,4
Superhero3,1
locked,1
2,1
BEFORE,1
Google,54
friends’,1
especially,2
reminds,1
mobile,1
up,1
drive,2
Pop,1
face,1
Photo2,1
photos3,1
definitely,1
tech,1
summer Halloweekend,1
Once,1
If,2
institutions,1
fact,1
event,4
rtf,1
show,1
mess,1
text,3
meetings,7
2016,1
Farecompare,1
iTunes,1
bring,1
bright,1
checkbox,1
drawings,1
Wondering,1
Empathic,1
Hide,1
Document,1
friends To,1
find,3
shoes,1
busy,2
based,1
Janurary,1
Big,1
writer,1
enough,1
should,3
frapp,1
only,4
going,3
black,1
York,1
money,3
compare,1
Telus,1
||,1
proud ,1
wearing,1
do,4
Spring,1
wriitng,1
get,8
it’ll,2
utilities,1
between,1
world  HC,1
leisure,1
coast,1
While,3
watermelon,1
words,7
coordinating,1
Calendar’s,1
during,1
Google  HC,1
years,1
freeYou,1
emails,2
canSee,1
Features,1
portion,1
Obama Her,1
bar,1
Instagram,1
brain,2
New,1
ever,1
Bell,1
 She,2
email,3
paper,3
she,3
through,4
Blonde,1
where,3
Gmail,3
Franck,1
hidden,1
Jackson,1
questions,2
For,1
sharing”,1
Create,1
lemonade,1
differentI,1
operates,1
connections,1
elected,1
see,2
computer,4
college,2
are,26
#3,1
close,1
Android,1
best,4
techniques,1
Thursday,2
said,1
capacity,1
patties,1
ways,3
currently,4
sites,2
BUT,1
guides,1
discounts,1
3,1
classes,1
various,1
hopefully,1
probably,4
enjoys,1
donate,1
across,2
choose,1
Files,1
1Scarf,1
ability,2
Relaxed HC,1
initially,1
literally,1
combining,1
however,1
dress/tuxedo,1
no,2
Wednesday,1
Team,1
20,2
cities,1
come,2
improve,1
AND,1
received,3
climate,1
planner,1
last,2
Give,1
career,2
many,3
invited,2
adventures,1
galore,1
CalendarsLastly,1
etc,1
connection,1
declined You,1
documentsYou,1
baseball,1
share,7
iRoam,1
Campus,2
wear,3
Cinderella,1
30th,1
relevant,1
very,1
Her,8
point,1
simple,2
YouTube,1
yearPlan,1
English,2
coworkers’,1
community,4
hassle,1
simply,1
likes,1
Legally,1
250,1
throughout,2
expensive,1
speak,1
forms,1
consuming,1
https//docsgooglecom/a/sienaedu/forms/d/1bmRSDwU7myESIqpgPCf9YnHe5iwFX1zUuBPuTnjtQUo/viewform Have,1
second,1
Campus Do,1
west,1
create,4
Calendars,2
three,2
But,1
quickly,1
whom,1
Beta,1
much,2
California,1
Halloweekend Sourceshttps//frightgeistwithgooglecomhttp//wwwfenzymecomhttps//sarahforshawwordpresscomhttp//wwwcreatingreallyawesomefreethingscomhttp//hativecom Do,1
meeting,1
now1,1
important,2
pm,1
engine,1
life,9
relations,1
shopping,1
Vice,1
Massachussets,1
citizen,1
collegiates,1
CampusWith,1
reccommend,2
else,3
external,1
Night,1
an,13
classmates’,1
former,1
those,3
Italian,1
And,1
has,3
look,2
docs,1
To,1
these,1
Googlers,2
single,2
Calendar1,1
By,2
admire,1
autosaves,1
while,3
zippedJessica,1
College,1
Communication,1
fun,2
voice,1
guide,1
coolest,1
rent,1
optimize,1
wordsDaniel,1
full,1
GoogleIt’s,1
orientation,1
century,1
period,1
is,42
munchies,1
it,19
800,1
middle,1
reads,1
good,2
frantic,1
ol’,1
Docs/Google,1
in,37
ready,1
You,6
technology,1
worry,1
if,8
confirmed,1
4-year,1
Canada2,1
things,1
make,11
government,2
poetry,1
Manhattan,1
member,2
read,1
html,1
collegiettes,1
coworkers,3
Frightgeist,3
President,2
document,3
events,5
unavailableWe,3
exams,1
week,3
advocate,1
Resource,1
Room,1
Then,1
I,33
calendars,7
MTV,1
flown,1
uses,1
worldwide HC,1
student,6
RSOs,1
Usually,1
high-schooler,1
opportunity,2
break,1
place Furthermore,1
task,3
kept,1
sees,1
programs,5
Resident,1
changes,2
Describe,2
well,2
It,5
know,5
asked,2
thought,1
person,2
Trends,5
contact,1
around,2
In,2
savvy,1
organization,4
the,100
Masquerade,1
spend,2
scholarship,1
summer,1
one-year,1
unbridled,1
Thank,3
just,1
“evangelize”,1
being,8
storage,1
laptop,1
half,1
lawDo,1
GSA,5
difficulties,3
Daniel,3
distant,1
40,1
aspect,1
world,2
useful,2
yes,1
Teletubby,1
studying,2
yet,2
SIMs,1
weekly,1
QuinnWondering,1
now,3
Pirate2,1
let’s,1
right3,1
JacksonHometown,1
extra,1
had,2
capabilities,1
it’s,1
lets,1
book,2
Western,1
Starbucks,1
easy,1
It's,1
News,1
Model President,1
Scholars,1
smart,1
take,2
Great,1
aspects,1
They,2
“Make,2
Did,1
bands,1
Advisor,1
Entertainment,2
gonna,1
Harley,2
early,1
possibly,1
Tour,1
five,1
overwhelmedDJ,1
mom,1
using,3
bit,2
accepted,2
projects,2
Text,2
75th,1
Perseverance,1
avalanche,1
 Set,1
like,11
lost,1
Share,2
honestly,1
benefit,1
continue,1
offices,1
either,1
Go,1
lose,1
popular,2
become,4
passionate,2
Find,2
Before,1
accessible,2
because,1
functional,1
whenever,1
people,8
journalism,1
at mm30fran@sienaedu for,1
successfully,1
some,7
back,3
intern,1
invites,1
nothing,2
entitled,1
Siena,2
computers,1
HC,1
Norton,1
calendar5,1
candles,1
for,45
tasks,1
phenomenal,1
Earlier,1
comments,1
“Add”,1
roleDJ,1
everything,2
pen,1
does,1
passion,1
redundant,1
picturesWhat,1
He,1
be,24
google's,1
eating,1
business,1
schedule,1
reach,3
view,2
local,1
costumes,1
Us,1
CalendarsAside,1
host,1
boxes,1
packages,1
Gossip,1
Davis,1
memorable,1
post,1
free/busy,1
super,1
by,6
Resident’s,1
simpler,2
on,25
about,10
Taylor,1
actual,1
testimonial,1
anything,1
getting,3
of,64
tswift,1
favorite,1
US,1
page,2
magazine,1
involvedName Daniel,1
ensure,1
places,1
it's,5
process1,1
shared,1
Calendar,9
or,27
automatically,2
own,2
significant,1
owe,1
into,1
within,4
commitment,1
“Repeat”,1
due,1
Everything,1
polyglot,1
google,2
been,2
determine,1
Survive,1
time HC,1
your,59
empathetic,1
per,1
Ball,1
connoisseur  Do,1
prepare,1
EducationRole,1
Assistant,3
there,4
Hang,2
long,2
kidding,1
strict,1
created,2
we're,1
lot,3
Directions,1
WORST,1
was,5
strives,1
files,4
I’m,1
himself,1
complete,2
offer,2
bus,2
registered,1
memory,1
specialty,1
but,6
searching,1
notifications,1
 Zumba,1
link,1
learned,1
hopes,2
15GB,1
trying,5
with,32
junior,1
he,5
Golden,1
Seventeen,1
made,1
classes2,1
trains,1
whether,1
wish,1
Twitter,1
hosting,1
peppermint,1
laptopWhile,1
below,1
converted,2
verification,1
unlock,1
highlight,1
doneGoogle,1
minutes,1
called,1
long-distance,1
foster,1
wifi,2
Which,2
videos,1
ASAP,1
Writer,1
am,4
covers,1
fellow,1
How,3
as,14
right,4
at,14
chat,1
hobbies,1
Snap,1
flight,1
assume,1
campus,3
 A,1
functions,1
yoga,1
us,2
sidebar,1
incredible,1
Figure,1
BFFGoogle,1
@camerabyhersideDo,1
when,5
Intern,2
virtual,1
reality,2
website,3
application,1
Watson,2
other,5
role,1
Know,1
Student,5
Plain,1
you,78
really,2
Campus This,1
Residence,1
repeat,1
ecstatic,1
separate,2
students,3
felt,1
Drive,7
stay,2
fell,1
Calendar”,1
time-saving,1
twenty-first,1
planners,3
Bloomington-Normal,1
formal,1
WorldSIM,1
weekend,2
inspiration,1
searches,1
Associataion,1
“Edit,2
practically,1
Webpage,1
cheaper,2
entertainment,1
free/cheap,1
daily,2
them,2
Start,1
As,3
Life,1
track,1
time,11
international,1
CreditsCover,1
having,4
once,2
